GConf2-gtk replaced GConf2
NetworkManager-gnome replaced nm-connection-editor
PyKDE4 replaced pykde4
abyssinica-fonts replaced sil-abyssinica-fonts
antlr replaced antlr-tool
atlas-3dnow replaced atlas
atlas-sse replaced atlas
axis replaced java-1.7.0-openjdk
bfa-firmware replaced linux-firmware
ccid replaced pcsc-lite-ccid
cjkuni-fonts-common replaced cjkuni-uming-fonts
cjkuni-fonts-ghostscript replaced ghostscript-chinese
classpathx-jaf replaced java-1.7.0-openjdk
compat-db replaced compat-db47
control-center-extra replaced control-center
coreutils-libs replaced coreutils
cpupowerutils replaced kernel-tools
cryptsetup-luks replaced cryptsetup
cryptsetup-luks-libs replaced cryptsetup-libs
db4 replaced libdb
db4-cxx replaced libdb-cxx
db4-devel replaced libdb-devel
db4-utils replaced libdb-utils
desktop-effects replaced control-center
dracut-kernel replaced dracut
dvipng replaced texlive-dvipng-bin
eject replaced util-linux
fcoe-target-utils replaced targetcli
fence-agents replaced fence-agents-all
gcalctool replaced gnome-calculator
gcc-java replaced java-1.7.0-openjdk-devel
gdm-plugin-fingerprint replaced gdm
gdm-plugin-smartcard replaced gdm
glade3-libgladeui replaced glade-libs
gnome-keyring-devel replaced gnome-keyring
hesinfo replaced hesiod
ibus-gtk replaced ibus-gtk2
ibus-pinyin replaced ibus-libpinyin
ipa-server-selinux replaced selinux-policy
iptables-ipv6 replaced iptables-services
iptraf replaced iptraf-ng
jadetex replaced texlive-jadetex
jakarta-commons-collections replaced apache-commons-collections
jakarta-commons-dbcp replaced apache-commons-dbcp
jakarta-commons-io replaced apache-commons-io
jakarta-commons-lang replaced apache-commons-lang
jakarta-commons-logging replaced apache-commons-logging
jakarta-commons-pool replaced apache-commons-pool
jpackage-utils replaced javapackages-tools
junit4 replaced junit
jwhois replaced whois
kdeaccessibility-libs replaced kdeaccessibility
kdebase replaced kde-baseapps
kdebase-libs replaced kde-baseapps-libs
kdebase-runtime replaced kde-runtime
kdebase-runtime-libs replaced kde-runtime-libs
kdebase-workspace replaced kde-workspace
kdebase-workspace-devel replaced kde-workspace-devel
kdebase-workspace-libs replaced kde-workspace-libs
kdelibs-experimental replaced kdelibs
kernel-firmware replaced linux-firmware
konq-plugins replaced kde-baseapps
kpathsea replaced texlive-kpathsea
krb5-pkinit-openssl replaced krb5-pkinit
libudev replaced systemd-libs
libudev-devel replaced systemd-devel
libusb1 replaced libusbx
lldpad-libs replaced lldpad
m17n-contrib-assamese replaced m17n-contrib
m17n-contrib-bengali replaced m17n-contrib
m17n-contrib-czech replaced m17n-contrib
m17n-contrib-gujarati replaced m17n-contrib
m17n-contrib-hindi replaced m17n-contrib
m17n-contrib-kannada replaced m17n-contrib
m17n-contrib-kashmiri replaced m17n-contrib
m17n-contrib-maithili replaced m17n-contrib
m17n-contrib-malayalam replaced m17n-contrib
m17n-contrib-marathi replaced m17n-contrib
m17n-contrib-nepali replaced m17n-contrib
m17n-contrib-oriya replaced m17n-contrib
m17n-contrib-punjabi replaced m17n-contrib
m17n-contrib-sindhi replaced m17n-contrib
m17n-contrib-sinhala replaced m17n-contrib
m17n-contrib-tamil replaced m17n-contrib
m17n-contrib-telugu replaced m17n-contrib
m17n-contrib-urdu replaced m17n-contrib
m17n-db-assamese replaced m17n-db
m17n-db-bengali replaced m17n-db
m17n-db-gujarati replaced m17n-db
m17n-db-hindi replaced m17n-db
m17n-db-kannada replaced m17n-db
m17n-db-malayalam replaced m17n-db
m17n-db-oriya replaced m17n-db
m17n-db-punjabi replaced m17n-db
m17n-db-sanskrit replaced m17n-db
m17n-db-sinhala replaced m17n-db
m17n-db-tamil replaced m17n-db
m17n-db-telugu replaced m17n-db
m17n-db-thai replaced m17n-db
m17n-db-tibetan replaced m17n-db
man replaced man-db
man-pages-uk replaced man-pages
mesa-dri-filesystem replaced mesa-filesystem
module-init-tools replaced kmod
nfs-utils-lib replaced libnfsidmap
notification-daemon replaced gnome-shell
openhpi32 replaced openhpi
openhpi32-libs replaced openhpi-libs
openmotif replaced motif
openmotif-devel replaced motif-devel
openmotif22 replaced motif
openswan replaced libreswan
perl-Compress-Zlib replaced perl-IO-Compress
perl-IO-Compress-Base replaced perl-IO-Compress
perl-IO-Compress-Bzip2 replaced perl-IO-Compress
perl-IO-Compress-Zlib replaced perl-IO-Compress
pki-common replaced pki-base
pki-java-tools replaced pki-tools
pki-native-tools replaced pki-tools
pki-selinux replaced pki-server
pki-setup replaced pki-server
pki-silent replaced pki-server
pki-util replaced pki-base
polkit-desktop-policy replaced polkit
poppler-qt4 replaced poppler-qt
procps replaced procps-ng
python-argparse replaced python
python-cryptsetup replaced cryptsetup-python
python-imaging replaced python-pillow
python-virtinst replaced virt-manager
ql2100-firmware replaced linux-firmware
ql2200-firmware replaced linux-firmware
ql23xx-firmware replaced linux-firmware
ql2400-firmware replaced linux-firmware
ql2500-firmware replaced linux-firmware
qt-sqlite replaced qt
redhat-lsb-compat replaced redhat-lsb-core
redhat-lsb-graphics replaced redhat-lsb-desktop
rhythmbox-upnp replaced rhythmbox
rt61pci-firmware replaced linux-firmware
rt73usb-firmware replaced linux-firmware
ruby-rdoc replaced rubygem-rdoc
samba4 replaced samba
samba4-client replaced samba-client
samba4-common replaced samba-common
samba4-libs replaced samba-libs
samba4-python replaced samba-python
samba4-winbind replaced samba-winbind
samba4-winbind-clients replaced samba-winbind-clients
sane-backends-libs-gphoto2 replaced sane-backends-drivers-cameras
tex-cm-lgc replaced texlive-cm-lgc
tex-kerkis replaced texlive-kerkis
texlive-texmf replaced texlive
texlive-texmf-dvips replaced texlive-dvips
texlive-texmf-fonts replaced texlive-collection-fontsrecommended
texlive-texmf-latex replaced texlive-latex
texlive-utils replaced texlive
totem-upnp replaced totem
un-core-batang-fonts replaced nhn-nanum-myeongjo-fonts
un-core-dotum-fonts replaced nhn-nanum-gothic-fonts
unix2dos replaced dos2unix
util-linux-ng replaced util-linux
vlgothic-fonts-common replaced vlgothic-p-fonts,vlgothic-fonts
vlock replaced kbd
xmltex replaced texlive-xmltex-bin
xorg-x11-drv-apm replaced xorg-x11-drv-vesa,xorg-x11-drv-fbdev
xorg-x11-drv-ati-firmware replaced linux-firmware
xorg-x11-drv-elographics replaced xorg-x11-drv-vesa,xorg-x11-drv-fbdev
xorg-x11-drv-geode replaced xorg-x11-drv-vesa,xorg-x11-drv-fbdev
xorg-x11-drv-glint replaced xorg-x11-drv-vesa,xorg-x11-drv-fbdev
xorg-x11-drv-i128 replaced xorg-x11-drv-vesa,xorg-x11-drv-fbdev
xorg-x11-drv-i740 replaced xorg-x11-drv-vesa,xorg-x11-drv-fbdev
xorg-x11-drv-mach64 replaced xorg-x11-drv-vesa,xorg-x11-drv-fbdev
xorg-x11-drv-neomagic replaced xorg-x11-drv-vesa,xorg-x11-drv-fbdev
xorg-x11-drv-nv replaced xorg-x11-drv-nouveau
xorg-x11-drv-r128 replaced xorg-x11-drv-vesa,xorg-x11-drv-fbdev
xorg-x11-drv-rendition replaced xorg-x11-drv-vesa,xorg-x11-drv-fbdev
xorg-x11-drv-s3virge replaced xorg-x11-drv-vesa,xorg-x11-drv-fbdev
xorg-x11-drv-savage replaced xorg-x11-drv-vesa,xorg-x11-drv-fbdev
xorg-x11-drv-siliconmotion replaced xorg-x11-drv-vesa,xorg-x11-drv-fbdev
xorg-x11-drv-sis replaced xorg-x11-drv-vesa,xorg-x11-drv-fbdev
xorg-x11-drv-sisusb replaced xorg-x11-drv-vesa,xorg-x11-drv-fbdev
xorg-x11-drv-tdfx replaced xorg-x11-drv-vesa,xorg-x11-drv-fbdev
xorg-x11-drv-trident replaced xorg-x11-drv-vesa,xorg-x11-drv-fbdev
xorg-x11-drv-voodoo replaced xorg-x11-drv-vesa,xorg-x11-drv-fbdev
xorg-x11-drv-xgi replaced xorg-x11-drv-vesa,xorg-x11-drv-fbdev
yum-plugin-security replaced yum
yum-presto replaced yum
