GConf2-devel moved GConf2-devel
ORBit2-devel moved ORBit2-devel
PackageKit-yum-plugin moved PackageKit-yum-plugin
SOAPpy moved SOAPpy
ant-antlr moved ant-antlr
ant-apache-bcel moved ant-apache-bcel
ant-apache-bsf moved ant-apache-bsf
ant-apache-log4j moved ant-apache-log4j
ant-apache-oro moved ant-apache-oro
ant-apache-regexp moved ant-apache-regexp
ant-apache-resolver moved ant-apache-resolver
ant-commons-logging moved ant-commons-logging
ant-commons-net moved ant-commons-net
ant-javamail moved ant-javamail
ant-jdepend moved ant-jdepend
ant-jsch moved ant-jsch
ant-junit moved ant-junit
ant-swing moved ant-swing
apr-util-ldap moved apr-util-ldap
aspell moved aspell
at-spi moved at-spi
at-spi-python moved at-spi-python
audiofile moved audiofile
avahi-tools moved avahi-tools
avahi-ui moved avahi-ui
batik moved batik
bsf moved bsf
compat-libstdc++-33 moved compat-libstdc++-33
cracklib-python moved cracklib-python
cvs-inetd moved cvs-inetd
dejavu-lgc-sans-mono-fonts moved dejavu-lgc-sans-mono-fonts
devhelp moved devhelp
evolution-data-server-doc moved evolution-data-server-doc
file-devel moved file-devel
flac moved flac
fop moved fop
gamin-devel moved gamin-devel
gamin-python moved gamin-python
glade3 moved glade3
gnome-backgrounds moved gnome-backgrounds
gnome-doc-utils moved gnome-doc-utils
gnome-doc-utils-stylesheets moved gnome-doc-utils-stylesheets
gnome-vfs2-devel moved gnome-vfs2-devel
gnome-vfs2-smb moved gnome-vfs2-smb
graphviz-perl moved graphviz-perl
groff moved groff
gstreamer-devel moved gstreamer-devel
gstreamer-plugins-base-devel moved gstreamer-plugins-base-devel
gstreamer-python moved gstreamer-python
gtk-doc moved gtk-doc
gtk-vnc moved gtk-vnc
gtk-vnc-python moved gtk-vnc-python
guile moved guile
jasper moved jasper
java-1.6.0-openjdk-javadoc moved java-1.6.0-openjdk-javadoc
java_cup moved java_cup
jdepend moved jdepend
jsch moved jsch
jzlib moved jzlib
kde-l10n-Arabic moved kde-l10n-Arabic
kde-l10n-Basque moved kde-l10n-Basque
kde-l10n-British moved kde-l10n-British
kde-l10n-Bulgarian moved kde-l10n-Bulgarian
kde-l10n-Catalan moved kde-l10n-Catalan
kde-l10n-Croatian moved kde-l10n-Croatian
kde-l10n-Czech moved kde-l10n-Czech
kde-l10n-Danish moved kde-l10n-Danish
kde-l10n-Dutch moved kde-l10n-Dutch
kde-l10n-Estonian moved kde-l10n-Estonian
kde-l10n-Finnish moved kde-l10n-Finnish
kde-l10n-Galician moved kde-l10n-Galician
kde-l10n-Greek moved kde-l10n-Greek
kde-l10n-Hebrew moved kde-l10n-Hebrew
kde-l10n-Hungarian moved kde-l10n-Hungarian
kde-l10n-Icelandic moved kde-l10n-Icelandic
kde-l10n-Irish moved kde-l10n-Irish
kde-l10n-Kazakh moved kde-l10n-Kazakh
kde-l10n-Khmer moved kde-l10n-Khmer
kde-l10n-Latvian moved kde-l10n-Latvian
kde-l10n-Lithuanian moved kde-l10n-Lithuanian
kde-l10n-LowSaxon moved kde-l10n-LowSaxon
kde-l10n-Norwegian moved kde-l10n-Norwegian
kde-l10n-Norwegian-Nynorsk moved kde-l10n-Norwegian-Nynorsk
kde-l10n-Polish moved kde-l10n-Polish
kde-l10n-Portuguese moved kde-l10n-Portuguese
kde-l10n-Romanian moved kde-l10n-Romanian
kde-l10n-Serbian moved kde-l10n-Serbian
kde-l10n-Slovak moved kde-l10n-Slovak
kde-l10n-Slovenian moved kde-l10n-Slovenian
kde-l10n-Swedish moved kde-l10n-Swedish
kde-l10n-Tajik moved kde-l10n-Tajik
kde-l10n-Thai moved kde-l10n-Thai
kde-l10n-Turkish moved kde-l10n-Turkish
kde-l10n-Ukrainian moved kde-l10n-Ukrainian
kde-l10n-Walloon moved kde-l10n-Walloon
kdegraphics moved kdegraphics
kdenetwork moved kdenetwork
kdesdk moved kdesdk
kdeutils moved kdeutils
kross-python moved kross-python
libIDL-devel moved libIDL-devel
libXdmcp-devel moved libXdmcp-devel
libao-devel moved libao-devel
libart_lgpl-devel moved libart_lgpl-devel
libbonobo-devel moved libbonobo-devel
libbonoboui-devel moved libbonoboui-devel
libcgroup-devel moved libcgroup-devel
libcroco-devel moved libcroco-devel
libee moved libee
libee-devel moved libee-devel
libestr-devel moved libestr-devel
libexif-devel moved libexif-devel
libglade2-devel moved libglade2-devel
libgnome-devel moved libgnome-devel
libgnomecanvas-devel moved libgnomecanvas-devel
libgnomeui-devel moved libgnomeui-devel
libgphoto2-devel moved libgphoto2-devel
libgsf-devel moved libgsf-devel
libgxim moved libgxim
libidn-devel moved libidn-devel
libldb-devel moved libldb-devel
libnl3-devel moved libnl3-devel
liboil moved liboil
libopenraw-gnome moved libopenraw-gnome
libproxy-bin moved libproxy-bin
libproxy-python moved libproxy-python
libreport-compat moved libreport-compat
libreport-newt moved libreport-newt
libreport-plugin-kerneloops moved libreport-plugin-kerneloops
libreport-plugin-logger moved libreport-plugin-logger
libsexy moved libsexy
libtalloc-devel moved libtalloc-devel
libtdb-devel moved libtdb-devel
libtevent-devel moved libtevent-devel
libusb-devel moved libusb-devel
lshw-gui moved lshw-gui
lynx moved lynx
net-snmp-perl moved net-snmp-perl
net-snmp-python moved net-snmp-python
opencv moved opencv
oscilloscope moved oscilloscope
oxygen-cursor-themes moved oxygen-cursor-themes
pcp-webapp-grafana moved pcp-webapp-grafana
pcp-webapp-graphite moved pcp-webapp-graphite
pcp-webapp-vector moved pcp-webapp-vector
pcp-webjs moved pcp-webjs
perl-Crypt-PasswdMD5 moved perl-Crypt-PasswdMD5
perl-Net-Telnet moved perl-Net-Telnet
perl-Parse-Yapp moved perl-Parse-Yapp
perl-String-CRC32 moved perl-String-CRC32
perl-Text-Iconv moved perl-Text-Iconv
perl-XML-DOM moved perl-XML-DOM
perl-XML-RegExp moved perl-XML-RegExp
perl-YAML-Syck moved perl-YAML-Syck
psutils moved psutils
pulseaudio-module-gconf moved pulseaudio-module-gconf
pycairo-devel moved pycairo-devel
pygobject2-codegen moved pygobject2-codegen
pygobject2-devel moved pygobject2-devel
pygobject2-doc moved pygobject2-doc
pygtk2-codegen moved pygtk2-codegen
pygtk2-devel moved pygtk2-devel
pygtk2-doc moved pygtk2-doc
python-fpconst moved python-fpconst
python-pygments moved python-pygments
python-slip-gtk moved python-slip-gtk
python-twisted-core moved python-twisted-core
python-twisted-web moved python-twisted-web
python-twisted-words moved python-twisted-words
python-webob moved python-webob
python-webtest moved python-webtest
python-zope-interface moved python-zope-interface
qt-doc moved qt-doc
ruby-devel moved ruby-devel
sac moved sac
saxon moved saxon
selinux-policy-doc moved selinux-policy-doc
snappy-devel moved snappy-devel
strigi-devel moved strigi-devel
subversion-javahl moved subversion-javahl
system-config-firewall moved system-config-firewall
system-config-firewall-tui moved system-config-firewall-tui
tix moved tix
tkinter moved tkinter
transfig moved transfig
ws-commons-util moved ws-commons-util
wsdl4j moved wsdl4j
xmlgraphics-commons moved xmlgraphics-commons
xsane moved xsane
xz-lzma-compat moved xz-lzma-compat
