febootstrap moved-replaced supermin
geronimo-specs moved-replaced geronimo-parent-poms
ibus-table-cangjie moved-replaced ibus-table-chinese-cangjie
ibus-table-erbi moved-replaced ibus-table-chinese-erbi
ibus-table-wubi moved-replaced ibus-table-chinese-wubi-haifeng
jakarta-commons-net moved-replaced apache-commons-net
kdebase-devel moved-replaced kde-baseapps-devel
kdebase-workspace-wallpapers moved-replaced kde-wallpapers
kdesdk-utils moved-replaced kdesdk-poxml
kdeutils-libs moved-replaced kdeutils
m17n-db-datafiles moved-replaced m17n-db-extras
samba4-dc moved-replaced samba-dc
samba4-dc-libs moved-replaced samba-dc-libs
samba4-devel moved-replaced samba-devel
samba4-pidl moved-replaced samba-pidl
samba4-test moved-replaced samba-test
samba4-winbind-krb5-locator moved-replaced samba-winbind-krb5-locator
xmlrpc3-client moved-replaced xmlrpc-client
xmlrpc3-common moved-replaced xmlrpc-common
